{"cameraMode":{"drawMode":0,"name":"Shaded","section":"Shading Mode"},"sceneLighting":true,"audioPlay":false,"sceneViewState":{"showFog":true,"showMaterialUpdate":false,"showSkybox":true,"showFlares":true,"showImageEffects":true,"showParticleSystems":true},"in2DMode":false,"pivot":{"x":0.5987825393676758,"y":1.3275361061096192,"z":2.482511520385742},"rotation":{"x":0.22921854257583619,"y":-0.5910143256187439,"z":0.18011374771595,"w":0.7521436214447022},"size":7.466617584228516,"orthographic":false}