{"cameraMode":{"drawMode":0,"name":"Shaded","section":"Shading Mode"},"sceneLighting":true,"audioPlay":false,"sceneViewState":{"showFog":true,"showMaterialUpdate":false,"showSkybox":true,"showFlares":true,"showImageEffects":true,"showParticleSystems":true},"in2DMode":false,"pivot":{"x":0.7817578315734863,"y":4.24510383605957,"z":-32.892765045166019},"rotation":{"x":-0.20024393498897553,"y":0.25300586223602297,"z":-0.05361165478825569,"w":-0.9449953436851502},"size":25.0500431060791,"orthographic":false}